
INSERT INTO public.company(
	average_rating, opening_time, closing_time, address, city, country, description, name, image_url)
	VALUES (0, '08:00:00', '23:00:00', 'Bulevar Oslobodjenja', 'Novi Sad', 'Serbia', 'Medical equipment', 'Hemofarm', 'https://seeklogo.com/images/M/medical-company-logo-A572E099DB-seeklogo.com.png'),
			(4, '09:00:00', '20:00:00', 'Bulevar Cara Lazara', 'Zagreb', 'Serbia', 'New medical equipment', 'MediGroup', 'https://cdn.logojoy.com/wp-content/uploads/2018/05/30162353/1159.png'),
			(3, '07:00:00', '21:00:00', 'Bulevar Cara Lazara', 'Belgrade', 'Serbia', 'New medical equipment', 'HealthHub', 'https://img.freepik.com/free-vector/flat-design-pharmacy-logo-template_23-2149510255.jpg'),
			(4.6, '07:00:00', '18:00:00', 'Bulevar Cara Lazara', ' Belgrade', 'Serbia', 'New medical equipment', 'WellMed', 'https://marketplace.canva.com/EAE2x-ic0Gk/1/0/1600w/canva-caduceus-logo%2Chealth-logo%2Cmedical-logo-2lhCTZ-v9hc.jpg'),
			(4.1, '09:00:00', '21:00:00', 'Bulevar Cara Lazara', 'Novi Sad', 'Serbia', 'New medical equipment', 'MediTech', 'https://logo.com/image-cdn/images/kts928pd/production/3d33b989fffecb23358b2213a930faf4ac4f3402-731x731.png?w=1080&q=72'),
			(3.2, '06:00:00', '18:00:00', 'Bulevar Cara Lazara', 'Novi Sad', 'Serbia', 'New medical equipment', 'LifeLine', 'https://static.vecteezy.com/system/resources/previews/003/699/075/original/medical-health-logo-design-for-business-and-company-vector.jpg'),
			(4, '09:00:00', '21:00:00', 'Bulevar Cara Lazara', ' Belgrade', 'Serbia', 'New medical equipment', 'Wellness', 'https://seeklogo.com/images/M/medical-company-logo-A572E099DB-seeklogo.com.png'),
			(4, '09:00:00', '18:00:00', 'Bulevar Cara Lazara', ' Belgrade', 'Serbia', 'New medical equipment', 'MedFirst', 'https://encrypted-tbn0.gstatic.com/images?q=tbn:ANd9GcRFbfqI1nQ45HbWeck3T4se91ECBLsX42I0Fg&usqp=CAU'),
			(4, '07:00:00', '18:00:00', 'Bulevar Cara Lazara', 'Novi Sad', 'Serbia', 'New medical equipment', 'HealthWise Innovations', 'https://logo.com/image-cdn/images/kts928pd/production/3d33b989fffecb23358b2213a930faf4ac4f3402-731x731.png?w=1080&q=72'),
			(5, '09:00:00', '21:00:00', 'Bulevar Cara Lazara', 'Zagreb', 'Croatia', 'New medical equipment', 'ProHealth', 'https://cdn.logojoy.com/wp-content/uploads/2018/05/30162353/1159.png'),
			(1, '08:00:00', '17:00:00', 'Bulevar Oslobodjenja', ' Belgrade', 'Serbia', 'Medical equipment', 'VitaCura', 'https://seeklogo.com/images/M/medical-company-logo-A572E099DB-seeklogo.com.png'),
			(4, '09:00:00', '21:00:00', 'Bulevar Cara Lazara', ' Belgrade', 'Serbia', 'New medical equipment', 'MediPro', 'https://cdn.logojoy.com/wp-content/uploads/2018/05/30162353/1159.png'),
			(2, '09:00:00', '21:00:00', 'Bulevar Cara Lazara', 'Novi Sad', 'Serbia', 'New medical equipment', 'PeakWell', 'https://cdn.logojoy.com/wp-content/uploads/2018/05/30162353/1159.png'),
			(3.25, '08:00:00', '17:00:00', 'Bulevar Cara Lazara', 'Novi Sad', 'Serbia', 'New medical equipment', 'PulseCare', 'https://cdn.logojoy.com/wp-content/uploads/2018/05/30162353/1159.png'),
			(0.5, '09:00:00', '21:00:00', 'Bulevar Cara Lazara', ' Belgrade', 'Serbia', 'New medical equipment', 'OmniHealth', 'https://marketplace.canva.com/EAE2x-ic0Gk/1/0/1600w/canva-caduceus-logo%2Chealth-logo%2Cmedical-logo-2lhCTZ-v9hc.jpg'),
			(5, '07:00:00', '21:00:00', 'Bulevar Cara Lazara', 'Novi Sad', 'Serbia', 'New medical equipment', 'ApexWell', 'https://seeklogo.com/images/M/medical-company-logo-A572E099DB-seeklogo.com.png'),
			(2, '09:00:00', '17:00:00', 'Bulevar Cara Lazara', 'Novi Sad', 'Serbia', 'New medical equipment', 'ProMed', 'https://encrypted-tbn0.gstatic.com/images?q=tbn:ANd9GcRFbfqI1nQ45HbWeck3T4se91ECBLsX42I0Fg&usqp=CAU'),
			(2.9, '09:00:00', '20:00:00', 'Bulevar Cara Lazara', 'Zagreb', 'Croatia', 'New medical equipment', 'LifeCrest', 'https://img.freepik.com/free-vector/flat-design-pharmacy-logo-template_23-2149510255.jpg'),
			(4.8, '08:00:00', '21:00:00', 'Bulevar Cara Lazara', ' Belgrade', 'Serbia', 'New medical equipment', 'SmartHealth', 'https://cdn.logojoy.com/wp-content/uploads/2018/05/30162353/1159.png'),
			(1, '09:00:00', '21:00:00', 'Bulevar Cara Lazara', 'Novi Sad', 'Serbia', 'New medical equipment', 'NexusCare', 'https://cdn.logojoy.com/wp-content/uploads/2018/05/30162353/1159.png'),
			(0, '08:00:00', '20:00:00', 'Bulevar Oslobodjenja', 'Novi Sad', 'Serbia', 'Medical equipment', 'MedoFarm', 'https://static.vecteezy.com/system/resources/previews/003/699/075/original/medical-health-logo-design-for-business-and-company-vector.jpg'),
			(9, '09:00:00', '21:00:00', 'Bulevar Cara Lazara', 'Novi Sad', 'Serbia', 'New medical equipment', 'VitalTech', 'https://encrypted-tbn0.gstatic.com/images?q=tbn:ANd9GcR0IFdW7mtzVlodqSz_Vw4VFegxkh-xLNuCCA&usqp=CAU'),
			(3, '09:00:00', '21:00:00', 'Bulevar Cara Lazara', ' Belgrade', 'Serbia', 'New medical equipment', 'CareHorizon', 'https://cdn.logojoy.com/wp-content/uploads/2018/05/30162353/1159.png'),
			(4, '09:00:00', '23:00:00', 'Bulevar Cara Lazara', 'Novi Sad', 'Serbia', 'New medical equipment', 'MedVista', 'https://encrypted-tbn0.gstatic.com/images?q=tbn:ANd9GcSTHjUM5_AosmOxNe8p4Jo34OLYyp5_qNKr3A&usqp=CAU'),
			(4.3, '09:00:00', '21:00:00', 'Bulevar Cara Lazara', 'Novi Sad', 'Serbia', 'New medical equipment', 'PrimeMed', 'https://cdn.logojoy.com/wp-content/uploads/2018/05/30162353/1159.png'),
			(5, '09:00:00', '23:00:00', 'Bulevar Cara Lazara', 'Novi Sad', 'Serbia', 'New medical equipment', 'HealthSync Innovations', 'https://marketplace.canva.com/EAE2x-ic0Gk/1/0/1600w/canva-caduceus-logo%2Chealth-logo%2Cmedical-logo-2lhCTZ-v9hc.jpg'),
			(5, '09:00:00', '21:00:00', 'Bulevar Cara Lazara', 'Novi Sad', 'Serbia', 'New medical equipment', 'TotalMed Diagnostics', 'https://logo.com/image-cdn/images/kts928pd/production/3d33b989fffecb23358b2213a930faf4ac4f3402-731x731.png?w=1080&q=72'),
			(5, '06:00:00', '21:00:00', 'Bulevar Cara Lazara', ' Belgrade', 'Serbia', 'New medical equipment', 'MediConnect Health', 'https://encrypted-tbn0.gstatic.com/images?q=tbn:ANd9GcSTHjUM5_AosmOxNe8p4Jo34OLYyp5_qNKr3A&usqp=CAU'),
			(4, '09:00:00', '20:00:00', 'Bulevar Cara Lazara', ' Belgrade', 'Serbia', 'New medical equipment', 'PrecisionCare', 'https://encrypted-tbn0.gstatic.com/images?q=tbn:ANd9GcRFbfqI1nQ45HbWeck3T4se91ECBLsX42I0Fg&usqp=CAU'),
			(4, '06:00:00', '21:00:00', 'Bulevar Cara Lazara', ' Belgrade', 'Serbia', 'New medical equipment', 'LifeSync ', 'https://cdn.logojoy.com/wp-content/uploads/2018/05/30162353/1159.png'),
			(3, '06:00:00', '20:00:00', 'Bulevar Oslobodjenja', 'Zagreb', 'Croatia', 'Medical equipment', 'SRBMedical', 'https://seeklogo.com/images/M/medical-company-logo-A572E099DB-seeklogo.com.png'),
			(4, '09:00:00', '21:00:00', 'Bulevar Cara Lazara', 'Novi Sad', 'Serbia', 'New medical equipment', 'PeakMed', 'https://cdn.logojoy.com/wp-content/uploads/2018/05/30162353/1159.png'),
			(4.4, '09:00:00', '20:00:00', 'Bulevar Cara Lazara', ' Belgrade', 'Serbia', 'New medical equipment', 'CareWave Innovations', 'https://encrypted-tbn0.gstatic.com/images?q=tbn:ANd9GcR0IFdW7mtzVlodqSz_Vw4VFegxkh-xLNuCCA&usqp=CAU'),
			(3.4, '09:00:00', '20:00:00', 'Bulevar Cara Lazara', ' Belgrade', 'Serbia', 'New medical equipment', 'VitalAxis', 'https://img.freepik.com/free-vector/flat-design-pharmacy-logo-template_23-2149510255.jpg'),
			(2.4, '06:00:00', '20:00:00', 'Bulevar Cara Lazara', 'Novi Sad', 'Serbia', 'New medical equipment', 'ProCare Diagnostics', 'https://logo.com/image-cdn/images/kts928pd/production/3d33b989fffecb23358b2213a930faf4ac4f3402-731x731.png?w=1080&q=72'),
			(1.4, '07:00:00', '20:00:00', 'Bulevar Cara Lazara', 'Novi Sad', 'Serbia', 'New medical equipment', 'WellnessLink', 'https://encrypted-tbn0.gstatic.com/images?q=tbn:ANd9GcR0IFdW7mtzVlodqSz_Vw4VFegxkh-xLNuCCA&usqp=CAU'),
			(0.4, '08:00:00', '21:00:00', 'Bulevar Cara Lazara', 'Novi Sad', 'Serbia', 'New medical equipment', 'HealthScape', 'https://cdn.logojoy.com/wp-content/uploads/2018/05/30162353/1159.png'),
			(1.5, '09:00:00', '20:00:00', 'Bulevar Cara Lazara', 'Novi Sad', 'Serbia', 'New medical equipment', 'HealSync', 'https://static.vecteezy.com/system/resources/previews/003/699/075/original/medical-health-logo-design-for-business-and-company-vector.jpg'),
			(4.5, '09:00:00', '21:00:00', 'Bulevar Cara Lazara', ' Belgrade', 'Serbia', 'New medical equipment', 'NexusMed', 'https://marketplace.canva.com/EAE2x-ic0Gk/1/0/1600w/canva-caduceus-logo%2Chealth-logo%2Cmedical-logo-2lhCTZ-v9hc.jpg'),
			(3.5, '08:00:00', '19:00:00', 'Bulevar Oslobodjenja', ' Belgrade', 'Serbia', 'Medical equipment', 'Ice', 'https://seeklogo.com/images/M/medical-company-logo-A572E099DB-seeklogo.com.png'),
			(4, '09:00:00', '21:00:00', 'Bulevar Cara Lazara', ' Belgrade', 'Serbia', 'New medical equipment', 'LifeCraft', 'https://cdn.logojoy.com/wp-content/uploads/2018/05/30162353/1159.png'),
			(3, '09:00:00', '19:00:00', 'Bulevar Cara Lazara', 'Novi Sad', 'Serbia', 'New medical equipment', 'OmniMed Solutions', 'https://cdn.logojoy.com/wp-content/uploads/2018/05/30162353/1159.png'),
			(3, '06:00:00', '21:00:00', 'Bulevar Cara Lazara', 'Zagreb', 'Croatia', 'New medical equipment', 'ApexCare', 'https://encrypted-tbn0.gstatic.com/images?q=tbn:ANd9GcSTHjUM5_AosmOxNe8p4Jo34OLYyp5_qNKr3A&usqp=CAU'),
			(3, '09:00:00', '21:00:00', 'Bulevar Cara Lazara', 'Novi Sad', 'Serbia', 'New medical equipment', 'MedCrest', 'https://cdn.logojoy.com/wp-content/uploads/2018/05/30162353/1159.png'),
			(2, '08:00:00', '21:00:00', 'Bulevar Cara Lazara', ' Belgrade', 'Serbia', 'New medical equipment', 'PrimeWell', 'https://encrypted-tbn0.gstatic.com/images?q=tbn:ANd9GcSTHjUM5_AosmOxNe8p4Jo34OLYyp5_qNKr3A&usqp=CAU'),
			(5, '09:00:00', '19:00:00', 'Bulevar Cara Lazara', 'Novi Sad', 'Serbia', 'New medical equipment', 'HorizonMed Technologies', 'https://cdn.logojoy.com/wp-content/uploads/2018/05/30162353/1159.png'),
			(4, '09:00:00', '21:00:00', 'Bulevar Cara Lazara', ' Belgrade', 'Serbia', 'New medical equipment', 'VitalWave Healthcare', 'https://encrypted-tbn0.gstatic.com/images?q=tbn:ANd9GcR0IFdW7mtzVlodqSz_Vw4VFegxkh-xLNuCCA&usqp=CAU'),
			(5, '08:00:00', '21:00:00', 'Bulevar Cara Lazara', ' Belgrade', 'Serbia', 'New medical equipment', 'Pfizer', 'https://img.freepik.com/free-vector/flat-design-pharmacy-logo-template_23-2149510255.jpg'),
			(4.6, '09:00:00', '20:00:00', 'Bulevar Cara Lazara', 'Novi Sad', 'Serbia', 'New medical equipment', 'Galenika', 'https://logo.com/image-cdn/images/kts928pd/production/3d33b989fffecb23358b2213a930faf4ac4f3402-731x731.png?w=1080&q=72'),
			(3.75, '08:00:00', '19:00:00', 'Bulevar Cara Lazara', 'Novi Sad', 'Serbia', 'New medical equipment', 'TotalCura', 'https://encrypted-tbn0.gstatic.com/images?q=tbn:ANd9GcRFbfqI1nQ45HbWeck3T4se91ECBLsX42I0Fg&usqp=CAU'),
			(4.25, '08:00:00', '21:00:00', 'Bulevar Cara Lazara', 'Zagreb', 'Croatia', 'New medical equipment', 'WellnessPulse Diagnostics', 'https://cdn.logojoy.com/wp-content/uploads/2018/05/30162353/1159.png'),
			(5, '09:00:00', '21:00:00', 'Bulevar Cara Lazara', 'Zagreb', 'Croatia', 'New medical equipment', 'Jugolab', 'https://encrypted-tbn0.gstatic.com/images?q=tbn:ANd9GcRFbfqI1nQ45HbWeck3T4se91ECBLsX42I0Fg&usqp=CAU');

INSERT INTO hospital (name, longitude, latitude)
VALUES
	('Bolnica 1', 10.0, 10.0),
	('Bolnica 2', 10.0, 10.0),
	('Bolnica 3', 10.0, 10.0),
	('Bolnica 4', 10.0, 10.0),
	('Bolnica 5', 10.0, 10.0),
	('Bolnica 6', 10.0, 10.0),
	('Bolnica 7', 10.0, 10.0);

INSERT INTO app_user (email, password, first_name, last_name, active, last_password_reset_date)
VALUES ('nikolicveljko01@gmail.com', '$2a$10$SQpuv4vt5DrH6KMm//V9oeRYzDU5lK02Esfcs9Xmd7RT8sL5.G/QK', 'John', 'Doe', true, CURRENT_TIMESTAMP), -- obican
       ('veljko@example.com', '$2a$10$SQpuv4vt5DrH6KMm//V9oeRYzDU5lK02Esfcs9Xmd7RT8sL5.G/QK', 'Veljko', 'Nikolic', true, CURRENT_TIMESTAMP), -- obican
       ('nikolic@example.com', '$2a$10$SQpuv4vt5DrH6KMm//V9oeRYzDU5lK02Esfcs9Xmd7RT8sL5.G/QK', 'Veljko', 'Nikolic', true, CURRENT_TIMESTAMP), -- comapny admin
       ('milos@example.com', '$2a$10$SQpuv4vt5DrH6KMm//V9oeRYzDU5lK02Esfcs9Xmd7RT8sL5.G/QK', 'Milos', 'Djuric', true, CURRENT_TIMESTAMP), -- comapny admin
       ('sysadmin@example.com', '$2a$10$SQpuv4vt5DrH6KMm//V9oeRYzDU5lK02Esfcs9Xmd7RT8sL5.G/QK', 'Sys', 'Admin', true, CURRENT_TIMESTAMP); -- admin

INSERT INTO public.registered_user(id, city, country, phone_number, workplace, hospital_id, penalty_points)
VALUES (1, 'City', 'Country', '+123456789012', 'Workplace', 1, 0),
       (2, 'Novi Sad', 'Serbia', '+123456789012', 'Doctor', 2, 0),
	   (5, 'Novi Sad', 'Serbia', '+321321321432', 'System Admin', 3, 0);

INSERT INTO public.company_administrator(
	company_id, id, city, country, phone_number, workplace, company_name, first_login)
	VALUES (1, 3, 'Novi Sad', 'Serbia', '+381603080177', 'Administrator', 'Hemofarm', TRUE),
			(1, 4, 'Novi Sad', 'Serbia', '+381123123789', 'Administrator', 'Hemofarm', FALSE);

INSERT INTO public.system_administrator(
	id, city, country, phone_number, first_logged)
	VALUES 
	(5, 'Novi Sad', 'Serbia', '+381543543432', true);

INSERT INTO ROLE (name) VALUES ('ROLE_USER');
INSERT INTO ROLE (name) VALUES ('ROLE_SYSTEMADMIN');
INSERT INTO ROLE (name) VALUES ('ROLE_COMPANYADMIN');

INSERT INTO USER_ROLE (user_id, role_id) VALUES (1, 1); -- user-u dodeljujemo rolu USER
INSERT INTO USER_ROLE (user_id, role_id) VALUES (2, 1); -- admin-u dodeljujemo rolu USER
INSERT INTO USER_ROLE (user_id, role_id) VALUES (3, 3); -- user-u dodeljujemo rolu ADMIN
INSERT INTO USER_ROLE (user_id, role_id) VALUES (4, 3); -- user-u dodeljujemo rolu ADMIN
INSERT INTO USER_ROLE (user_id, role_id) VALUES (5, 2); -- user-u dodeljujemo rolu SYSTEM ADMIN

INSERT INTO public.equipment(name, description, type, company_id, stock_count, average_rating)
	VALUES 
	('Injekcija', 'Za vakcinisanje', 'TypeA', 1, 50, 4.5),
	('Stetoskop', 'Za slusanje srca', 'TypeB', 1, 30, 3.8),
	('Toplomer', 'Za merenje temperature', 'TypeC', 1, 20, 2.9),
	('Cetka za zube', 'Za pranje zuba', 'TypeC', 1, 70, 3.5);

INSERT INTO public.appointment (company_id, duration, status, start_date_time, company_administrator_id) 
VALUES  (1, 30, 2,'2024-02-01T10:15:00', 3),
		(1, 15, 2,'2024-02-01T09:00:00', 4),
		(1, 15, 2,'2024-02-01T10:00:00', 3),
		(1, 10, 1,'2024-01-01T10:10:00', 3),
		(1, 10, 1,'2024-03-01T10:10:00', 4),
		(1, 10, 1,'2024-02-01T10:20:00', 3),
		(1, 10, 1,'2024-02-01T10:10:00', 3),
		(1, 10, 2,'2024-03-01T10:10:00', 4),
		(1, 10, 1,'2024-02-01T10:20:00', 3),
		(1, 15, 0,'2024-02-01T13:00:00', 3),
		(1, 10, 0,'2024-02-01T13:15:00', 3),
		(1, 10, 0,'2024-03-01T14:10:00', 4),
		(1, 10, 0,'2024-02-01T14:20:00', 3),
		(1, 10, 1,'2024-01-05T10:10:00', 4),
		(1, 10, 0,'2024-03-05T10:10:00', 4);

INSERT INTO public.contract (hospital_id, day)
VALUES 
	(1, 25),
	(2, 15),
	(3, 28);


INSERT INTO public.contract_item(contract_id, equipment_id, quantity)
VALUES
	(1, 1, 10),
	(1, 2, 5),
	(2, 1, 4),
	(3, 1, 7);

INSERT INTO public.delivery(delivery_date, hospital_id, latitude, longitude, status)
VALUES
	('2024-01-25', 1, 10.0, 10.0, 0),
	('2024-01-25', 1, 10.0, 10.0, 2),
	('2024-01-28', 1, 10.0, 10.0, 2),
	('2024-01-28', 1, 10.0, 10.0, 0);


INSERT INTO public.reservation (appointment_id, status, user_id, qr_code) 
VALUES  (4, 0, 1, 'najjaca firmetina'),
		(5, 0, 2, 'najjaca firmetina'),
    	(14, 0, 1, ''),
		(15, 0, 2, '');

INSERT INTO public.reservation_item(equipment_id, reservation_id, quantity)
VALUES
	(1, 1, 10),
	(3, 1, 5),
	(2, 2, 4),
	(4, 2, 4),
	(2, 3, 7),
	(4, 3, 7),
	(2, 4, 8),
	(4, 4, 8);
